	<!doctype html>
	<!--[if !IE]>
	<html class="no-js non-ie" lang="en-US"> <![endif]-->
	<!--[if IE 7 ]>
	<html class="no-js ie7" lang="en-US"> <![endif]-->
	<!--[if IE 8 ]>
	<html class="no-js ie8" lang="en-US"> <![endif]-->
	<!--[if IE 9 ]>
	<html class="no-js ie9" lang="en-US"> <![endif]-->
	<!--[if gt IE 9]><!-->
<html class="no-js" lang="en-US"> <!--<![endif]-->
	<head>

		<meta charset="UTF-8"/>
		<meta name="viewport" content="width=device-width, initial-scale=1.0">

		<title>Page not found &#124; Papers.fm</title>

		<link rel="profile" href="http://gmpg.org/xfn/11"/>
		<link rel="pingback" href="http://papers.fm/xmlrpc.php"/>

		<link rel="alternate" type="application/rss+xml" title="Papers.fm &raquo; Feed" href="http://papers.fm/feed/" />
<link rel="alternate" type="application/rss+xml" title="Papers.fm &raquo; Comments Feed" href="http://papers.fm/comments/feed/" />
		<script type="text/javascript">
			window._wpemojiSettings = {"baseUrl":"http:\/\/s.w.org\/images\/core\/emoji\/72x72\/","ext":".png","source":{"concatemoji":"http:\/\/papers.fm\/wp-includes\/js\/wp-emoji-release.min.js?ver=4.2.2"}};
			!function(a,b,c){function d(a){var c=b.createElement("canvas"),d=c.getContext&&c.getContext("2d");return d&&d.fillText?(d.textBaseline="top",d.font="600 32px Arial","flag"===a?(d.fillText(String.fromCharCode(55356,56812,55356,56807),0,0),c.toDataURL().length>3e3):(d.fillText(String.fromCharCode(55357,56835),0,0),0!==d.getImageData(16,16,1,1).data[0])):!1}function e(a){var c=b.createElement("script");c.src=a,c.type="text/javascript",b.getElementsByTagName("head")[0].appendChild(c)}var f,g;c.supports={simple:d("simple"),flag:d("flag")},c.DOMReady=!1,c.readyCallback=function(){c.DOMReady=!0},c.supports.simple&&c.supports.flag||(g=function(){c.readyCallback()},b.addEventListener?(b.addEventListener("DOMContentLoaded",g,!1),a.addEventListener("load",g,!1)):(a.attachEvent("onload",g),b.attachEvent("onreadystatechange",function(){"complete"===b.readyState&&c.readyCallback()})),f=c.source||{},f.concatemoji?e(f.concatemoji):f.wpemoji&&f.twemoji&&(e(f.twemoji),e(f.wpemoji)))}(window,document,window._wpemojiSettings);
		</script>
		<style type="text/css">
img.wp-smiley,
img.emoji {
	display: inline !important;
	border: none !important;
	box-shadow: none !important;
	height: 1em !important;
	width: 1em !important;
	margin: 0 .07em !important;
	vertical-align: -0.1em !important;
	background: none !important;
	padding: 0 !important;
}
</style>
<link rel='stylesheet' id='parent-theme-css-css'  href='http://papers.fm/wp-content/themes/responsive/style.css?ver=4.2.2' type='text/css' media='all' />
<link rel='stylesheet' id='responsive-style-css'  href='http://papers.fm/wp-content/themes/responsive/core/css/style.css?ver=1.9.7.6' type='text/css' media='all' />
<link rel='stylesheet' id='responsive-media-queries-css'  href='http://papers.fm/wp-content/themes/responsive/core/css/responsive.css?ver=1.9.7.6' type='text/css' media='all' />
<link rel='stylesheet' id='responsive-child-style-css'  href='http://papers.fm/wp-content/themes/Papers-fm/style.css?ver=4.2.2' type='text/css' media='all' />
<script type='text/javascript' src='http://papers.fm/wp-includes/js/jquery/jquery.js?ver=1.11.2'></script>
<script type='text/javascript' src='http://papers.fm/wp-includes/js/jquery/jquery-migrate.min.js?ver=1.2.1'></script>
<script type='text/javascript' src='http://papers.fm/wp-content/themes/responsive/core/js/responsive-modernizr.min.js?ver=2.6.1'></script>
<link rel="EditURI" type="application/rsd+xml" title="RSD" href="http://papers.fm/xmlrpc.php?rsd" />
<link rel="wlwmanifest" type="application/wlwmanifest+xml" href="http://papers.fm/wp-includes/wlwmanifest.xml" /> 
<meta name="generator" content="WordPress 4.2.2" />
<!-- We need this for debugging -->
<!-- Responsive 1.9.7.6 -->
<!-- Papers.fm  -->
	</head>

<body class="error404">

<div id="container" class="hfeed">

	<div class="skip-container cf">
		<a class="skip-link screen-reader-text focusable" href="#content">&darr; Skip to Main Content</a>
	</div><!-- .skip-container -->
	<div id="header">

		
		
		
		
		
			<div id="logo">
				<span class="site-name"><a href="http://papers.fm/" title="Papers.fm" rel="home">Papers.fm</a></span>
				<span class="site-description">The sound of Medical Literature!</span>
			</div><!-- end of #logo -->

		
				<div class="main-nav"><ul class="menu"><li ><a href="http://papers.fm/">Home</a></li><li class="page_item page-item-2"><a href="http://papers.fm/sample-page/">Sample Page</a></li></ul>
</div>
		
		
	</div><!-- end of #header -->

	<div id="wrapper" class="clearfix">

<div id="content-full" class="grid col-940">

		<div id="post-0" class="error404">
		
		<div class="post-entry">

			
	<h1 class="title-404">404 &#8212; Fancy meeting you here!</h1>

	<p>Don&#39;t panic, we&#39;ll get through this together. Let&#39;s explore our options here.</p>

	<h6>You can return <a href="http://papers.fm" title="Home">&larr; Home</a> or search for the page you were looking for.</h6>

<form method="get" id="searchform" action="http://papers.fm/">
	<label class="screen-reader-text" for="s">Search for:</label>
	<input type="text" class="field" name="s" id="s" placeholder="search here &hellip;" />
	<input type="submit" class="submit" name="submit" id="searchsubmit" value="Go" />
</form>
		</div><!-- end of .post-entry -->

			</div><!-- end of #post-0 -->
	
</div><!-- end of #content-full -->

</div><!-- end of #wrapper -->
</div><!-- end of #container -->

<div id="footer" class="clearfix">
	
	<div id="footer-wrapper">

		
		<div class="grid col-940">

			<div class="grid col-540">
							</div><!-- end of col-540 -->

			<div class="grid col-380 fit">
				<ul class="social-icons"></ul><!-- .social-icons -->			</div><!-- end of col-380 fit -->

		</div><!-- end of col-940 -->
		
		<div class="grid col-300 copyright">
			&copy; 2015<a href="http://papers.fm/" title="Papers.fm">
				Papers.fm			</a>
		</div><!-- end of .copyright -->

		<div class="grid col-300 scroll-top"><a href="#scroll-top" title="scroll to top">&uarr;</a></div>

		<div class="grid col-300 fit powered">
			<a href="http://cyberchimps.com/responsive-theme/" title="Responsive Theme">
				Responsive Theme</a>
			powered by <a href="http://wordpress.org/" title="WordPress">
				WordPress</a>
		</div><!-- end .powered -->

	</div><!-- end #footer-wrapper -->

	</div><!-- end #footer -->

<script type='text/javascript' src='http://papers.fm/wp-content/themes/responsive/core/js/responsive-scripts.min.js?ver=1.2.6'></script>
<script type='text/javascript' src='http://papers.fm/wp-content/themes/responsive/core/js/jquery.placeholder.min.js?ver=2.0.7'></script>
</body>
</html>
<!-- Dynamic page generated in 0.339 seconds. -->
<!-- Cached page generated by WP-Super-Cache on 2015-06-12 06:47:38 -->

<!-- super cache -->